sample	rawreads1	rawreads2	assembly
HA12_4	https://sid.erda.dk/share_redirect/P668viwaMO/metagenomic-12GB-H204SC22104646-NVUK2022102539-DK-UCPH-76-shotgun/X204SC22104646-Z01-F001_03/01.RawData/HA12_4/HA12_4_EKDN220043730-1A_HKK5MDSX5_L4_1.fq.gz	https://sid.erda.dk/share_redirect/P668viwaMO/metagenomic-12GB-H204SC22104646-NVUK2022102539-DK-UCPH-76-shotgun/X204SC22104646-Z01-F001_03/01.RawData/HA12_4/HA12_4_EKDN220043730-1A_HKK5MDSX5_L4_2.fq.gz	Havgajavri
HA14_5_1	https://sid.erda.dk/share_redirect/P668viwaMO/metagenomic-12GB-H204SC22104646-NVUK2022102539-DK-UCPH-76-shotgun/X204SC22104646-Z01-F001_03/01.RawData/HA14_5/HA14_5_EKDN220043731-1A_HKK5MDSX5_L4_1.fq.gz	https://sid.erda.dk/share_redirect/P668viwaMO/metagenomic-12GB-H204SC22104646-NVUK2022102539-DK-UCPH-76-shotgun/X204SC22104646-Z01-F001_03/01.RawData/HA14_5/HA14_5_EKDN220043731-1A_HKK5MDSX5_L4_2.fq.gz	Havgajavri
HA14_5_2	https://sid.erda.dk/share_redirect/P668viwaMO/metagenomic-12GB-H204SC22104646-NVUK2022102539-DK-UCPH-76-shotgun/X204SC22104646-Z01-F001_03/01.RawData/HA14_5/HA14_5_EKDN220043731-1A_HLY2LDSX5_L4_1.fq.gz	https://sid.erda.dk/share_redirect/P668viwaMO/metagenomic-12GB-H204SC22104646-NVUK2022102539-DK-UCPH-76-shotgun/X204SC22104646-Z01-F001_03/01.RawData/HA14_5/HA14_5_EKDN220043731-1A_HLY2LDSX5_L4_2.fq.gz	Havgajavri
HA19_6	https://sid.erda.dk/share_redirect/P668viwaMO/metagenomic-12GB-H204SC22104646-NVUK2022102539-DK-UCPH-76-shotgun/X204SC22104646-Z01-F001_03/01.RawData/HA19_6/HA19_6_EKDN220043732-1A_HLY7KDSX5_L4_1.fq.gz	https://sid.erda.dk/share_redirect/P668viwaMO/metagenomic-12GB-H204SC22104646-NVUK2022102539-DK-UCPH-76-shotgun/X204SC22104646-Z01-F001_03/01.RawData/HA19_6/HA19_6_EKDN220043732-1A_HLY7KDSX5_L4_2.fq.gz	Havgajavri
HA20_7	https://sid.erda.dk/share_redirect/P668viwaMO/metagenomic-12GB-H204SC22104646-NVUK2022102539-DK-UCPH-76-shotgun/X204SC22104646-Z01-F001_03/01.RawData/HA20_7/HA20_7_EKDN220043733-1A_HLY7KDSX5_L4_1.fq.gz	https://sid.erda.dk/share_redirect/P668viwaMO/metagenomic-12GB-H204SC22104646-NVUK2022102539-DK-UCPH-76-shotgun/X204SC22104646-Z01-F001_03/01.RawData/HA20_7/HA20_7_EKDN220043733-1A_HLY7KDSX5_L4_2.fq.gz	Havgajavri
HA21_11	https://sid.erda.dk/share_redirect/P668viwaMO/metagenomic-12GB-H204SC22104646-NVUK2022102539-DK-UCPH-76-shotgun/X204SC22104646-Z01-F001_03/01.RawData/HA21_11/HA21_11_EKDN220043737-1A_HLY7KDSX5_L4_1.fq.gz	https://sid.erda.dk/share_redirect/P668viwaMO/metagenomic-12GB-H204SC22104646-NVUK2022102539-DK-UCPH-76-shotgun/X204SC22104646-Z01-F001_03/01.RawData/HA21_11/HA21_11_EKDN220043737-1A_HLY7KDSX5_L4_2.fq.gz	Havgajavri
HA22_8	https://sid.erda.dk/share_redirect/P668viwaMO/metagenomic-12GB-H204SC22104646-NVUK2022102539-DK-UCPH-76-shotgun/X204SC22104646-Z01-F001_03/01.RawData/HA22_8/HA22_8_EKDN220043734-1A_HLY7KDSX5_L4_1.fq.gz	https://sid.erda.dk/share_redirect/P668viwaMO/metagenomic-12GB-H204SC22104646-NVUK2022102539-DK-UCPH-76-shotgun/X204SC22104646-Z01-F001_03/01.RawData/HA22_8/HA22_8_EKDN220043734-1A_HLY7KDSX5_L4_2.fq.gz	Havgajavri
HA23_9	https://sid.erda.dk/share_redirect/P668viwaMO/metagenomic-12GB-H204SC22104646-NVUK2022102539-DK-UCPH-76-shotgun/X204SC22104646-Z01-F001_03/01.RawData/HA23_9/HA23_9_EKDN220043735-1A_HLY7KDSX5_L4_1.fq.gz	https://sid.erda.dk/share_redirect/P668viwaMO/metagenomic-12GB-H204SC22104646-NVUK2022102539-DK-UCPH-76-shotgun/X204SC22104646-Z01-F001_03/01.RawData/HA23_9/HA23_9_EKDN220043735-1A_HLY7KDSX5_L4_2.fq.gz	Havgajavri
HA24_1	https://sid.erda.dk/share_redirect/P668viwaMO/metagenomic-12GB-H204SC22104646-NVUK2022102539-DK-UCPH-76-shotgun/X204SC22104646-Z01-F001_03/01.RawData/HA24_1/HA24_1_EKDN220043736-1A_HLY7KDSX5_L4_1.fq.gz	https://sid.erda.dk/share_redirect/P668viwaMO/metagenomic-12GB-H204SC22104646-NVUK2022102539-DK-UCPH-76-shotgun/X204SC22104646-Z01-F001_03/01.RawData/HA24_1/HA24_1_EKDN220043736-1A_HLY7KDSX5_L4_2.fq.gz	Havgajavri
HA4_1	https://sid.erda.dk/share_redirect/P668viwaMO/metagenomic-12GB-H204SC22104646-NVUK2022102539-DK-UCPH-76-shotgun/X204SC22104646-Z01-F001_03/01.RawData/HA4_1/HA4_1_EKDN220043727-1A_HKK5MDSX5_L4_1.fq.gz	https://sid.erda.dk/share_redirect/P668viwaMO/metagenomic-12GB-H204SC22104646-NVUK2022102539-DK-UCPH-76-shotgun/X204SC22104646-Z01-F001_03/01.RawData/HA4_1/HA4_1_EKDN220043727-1A_HKK5MDSX5_L4_2.fq.gz	Havgajavri
HA6_2	https://sid.erda.dk/share_redirect/P668viwaMO/metagenomic-12GB-H204SC22104646-NVUK2022102539-DK-UCPH-76-shotgun/X204SC22104646-Z01-F001_03/01.RawData/HA6_2/HA6_2_EKDN220043728-1A_HKK5MDSX5_L4_1.fq.gz	https://sid.erda.dk/share_redirect/P668viwaMO/metagenomic-12GB-H204SC22104646-NVUK2022102539-DK-UCPH-76-shotgun/X204SC22104646-Z01-F001_03/01.RawData/HA6_2/HA6_2_EKDN220043728-1A_HKK5MDSX5_L4_2.fq.gz	Havgajavri
HA9_3	https://sid.erda.dk/share_redirect/P668viwaMO/metagenomic-12GB-H204SC22104646-NVUK2022102539-DK-UCPH-76-shotgun/X204SC22104646-Z01-F001_03/01.RawData/HA9_3/HA9_3_EKDN220043729-1A_HKK5MDSX5_L4_1.fq.gz	https://sid.erda.dk/share_redirect/P668viwaMO/metagenomic-12GB-H204SC22104646-NVUK2022102539-DK-UCPH-76-shotgun/X204SC22104646-Z01-F001_03/01.RawData/HA9_3/HA9_3_EKDN220043729-1A_HKK5MDSX5_L4_2.fq.gz	Havgajavri
L10_504	https://sid.erda.dk/share_redirect/P668viwaMO/Whitefish_analysis_BGI/02_trim_cutadapt/V300063539_L01_504/V300063539_L01_504_1_trim.fq.gz	https://sid.erda.dk/share_redirect/P668viwaMO/Whitefish_analysis_BGI/02_trim_cutadapt/V300063539_L01_504/V300063539_L01_504_2_trim.fq.gz	Langfjordvatn
L14_521	https://sid.erda.dk/share_redirect/P668viwaMO/Whitefish_analysis_BGI/02_trim_cutadapt/V300063539_L02_521/V300063539_L02_521_1_trim.fq.gz	https://sid.erda.dk/share_redirect/P668viwaMO/Whitefish_analysis_BGI/02_trim_cutadapt/V300063539_L02_521/V300063539_L02_521_2_trim.fq.gz	Langfjordvatn
L15_522	https://sid.erda.dk/share_redirect/P668viwaMO/Whitefish_analysis_BGI/02_trim_cutadapt/V300063539_L02_522/V300063539_L02_522_1_trim.fq.gz	https://sid.erda.dk/share_redirect/P668viwaMO/Whitefish_analysis_BGI/02_trim_cutadapt/V300063539_L02_522/V300063539_L02_522_2_trim.fq.gz	Langfjordvatn
L17_523	https://sid.erda.dk/share_redirect/P668viwaMO/Whitefish_analysis_BGI/02_trim_cutadapt/V300063539_L02_523/V300063539_L02_523_1_trim.fq.gz	https://sid.erda.dk/share_redirect/P668viwaMO/Whitefish_analysis_BGI/02_trim_cutadapt/V300063539_L02_523/V300063539_L02_523_2_trim.fq.gz	Langfjordvatn
L21_524	https://sid.erda.dk/share_redirect/P668viwaMO/Whitefish_analysis_BGI/02_trim_cutadapt/V300063539_L02_524/V300063539_L02_524_1_trim.fq.gz	https://sid.erda.dk/share_redirect/P668viwaMO/Whitefish_analysis_BGI/02_trim_cutadapt/V300063539_L02_524/V300063539_L02_524_2_trim.fq.gz	Langfjordvatn
L34_525	https://sid.erda.dk/share_redirect/P668viwaMO/Whitefish_analysis_BGI/02_trim_cutadapt/V300063539_L02_525/V300063539_L02_525_1_trim.fq.gz	https://sid.erda.dk/share_redirect/P668viwaMO/Whitefish_analysis_BGI/02_trim_cutadapt/V300063539_L02_525/V300063539_L02_525_2_trim.fq.gz	Langfjordvatn
L36_526	https://sid.erda.dk/share_redirect/P668viwaMO/Whitefish_analysis_BGI/02_trim_cutadapt/V300063539_L02_526/V300063539_L02_526_1_trim.fq.gz	https://sid.erda.dk/share_redirect/P668viwaMO/Whitefish_analysis_BGI/02_trim_cutadapt/V300063539_L02_526/V300063539_L02_526_2_trim.fq.gz	Langfjordvatn
L37_527	https://sid.erda.dk/share_redirect/P668viwaMO/Whitefish_analysis_BGI/02_trim_cutadapt/V300063539_L02_527/V300063539_L02_527_1_trim.fq.gz	https://sid.erda.dk/share_redirect/P668viwaMO/Whitefish_analysis_BGI/02_trim_cutadapt/V300063539_L02_527/V300063539_L02_527_2_trim.fq.gz	Langfjordvatn
L39_528	https://sid.erda.dk/share_redirect/P668viwaMO/Whitefish_analysis_BGI/02_trim_cutadapt/V300063539_L02_528/V300063539_L02_528_1_trim.fq.gz	https://sid.erda.dk/share_redirect/P668viwaMO/Whitefish_analysis_BGI/02_trim_cutadapt/V300063539_L02_528/V300063539_L02_528_2_trim.fq.gz	Langfjordvatn
L4_501	https://sid.erda.dk/share_redirect/P668viwaMO/Whitefish_analysis_BGI/02_trim_cutadapt/V300063539_L01_501/V300063539_L01_501_1_trim.fq.gz	https://sid.erda.dk/share_redirect/P668viwaMO/Whitefish_analysis_BGI/02_trim_cutadapt/V300063539_L01_501/V300063539_L01_501_2_trim.fq.gz	Langfjordvatn
L40_529	https://sid.erda.dk/share_redirect/P668viwaMO/Whitefish_analysis_BGI/02_trim_cutadapt/V300063539_L02_529/V300063539_L02_529_1_trim.fq.gz	https://sid.erda.dk/share_redirect/P668viwaMO/Whitefish_analysis_BGI/02_trim_cutadapt/V300063539_L02_529/V300063539_L02_529_2_trim.fq.gz	Langfjordvatn
L41_530	https://sid.erda.dk/share_redirect/P668viwaMO/Whitefish_analysis_BGI/02_trim_cutadapt/V300063539_L02_530/V300063539_L02_530_1_trim.fq.gz	https://sid.erda.dk/share_redirect/P668viwaMO/Whitefish_analysis_BGI/02_trim_cutadapt/V300063539_L02_530/V300063539_L02_530_2_trim.fq.gz	Langfjordvatn
L47_505	https://sid.erda.dk/share_redirect/P668viwaMO/Whitefish_analysis_BGI/02_trim_cutadapt/V300063539_L01_505/V300063539_L01_505_1_trim.fq.gz	https://sid.erda.dk/share_redirect/P668viwaMO/Whitefish_analysis_BGI/02_trim_cutadapt/V300063539_L01_505/V300063539_L01_505_2_trim.fq.gz	Langfjordvatn
L56_511	https://sid.erda.dk/share_redirect/P668viwaMO/Whitefish_analysis_BGI/02_trim_cutadapt/V300063539_L01_511/V300063539_L01_511_1_trim.fq.gz	https://sid.erda.dk/share_redirect/P668viwaMO/Whitefish_analysis_BGI/02_trim_cutadapt/V300063539_L01_511/V300063539_L01_511_2_trim.fq.gz	Langfjordvatn
L57_512	https://sid.erda.dk/share_redirect/P668viwaMO/Whitefish_analysis_BGI/02_trim_cutadapt/V300063539_L01_512/V300063539_L01_512_1_trim.fq.gz	https://sid.erda.dk/share_redirect/P668viwaMO/Whitefish_analysis_BGI/02_trim_cutadapt/V300063539_L01_512/V300063539_L01_512_2_trim.fq.gz	Langfjordvatn
L59_506	https://sid.erda.dk/share_redirect/P668viwaMO/Whitefish_analysis_BGI/02_trim_cutadapt/V300063539_L01_506/V300063539_L01_506_1_trim.fq.gz	https://sid.erda.dk/share_redirect/P668viwaMO/Whitefish_analysis_BGI/02_trim_cutadapt/V300063539_L01_506/V300063539_L01_506_2_trim.fq.gz	Langfjordvatn
L63_507	https://sid.erda.dk/share_redirect/P668viwaMO/Whitefish_analysis_BGI/02_trim_cutadapt/V300063539_L01_507/V300063539_L01_507_1_trim.fq.gz	https://sid.erda.dk/share_redirect/P668viwaMO/Whitefish_analysis_BGI/02_trim_cutadapt/V300063539_L01_507/V300063539_L01_507_2_trim.fq.gz	Langfjordvatn
L64_513	https://sid.erda.dk/share_redirect/P668viwaMO/Whitefish_analysis_BGI/02_trim_cutadapt/V300063539_L01_513/V300063539_L01_513_1_trim.fq.gz	https://sid.erda.dk/share_redirect/P668viwaMO/Whitefish_analysis_BGI/02_trim_cutadapt/V300063539_L01_513/V300063539_L01_513_2_trim.fq.gz	Langfjordvatn
L65_514	https://sid.erda.dk/share_redirect/P668viwaMO/Whitefish_analysis_BGI/02_trim_cutadapt/V300063539_L01_514/V300063539_L01_514_1_trim.fq.gz	https://sid.erda.dk/share_redirect/P668viwaMO/Whitefish_analysis_BGI/02_trim_cutadapt/V300063539_L01_514/V300063539_L01_514_2_trim.fq.gz	Langfjordvatn
L66_515	https://sid.erda.dk/share_redirect/P668viwaMO/Whitefish_analysis_BGI/02_trim_cutadapt/V300063539_L01_515/V300063539_L01_515_1_trim.fq.gz	https://sid.erda.dk/share_redirect/P668viwaMO/Whitefish_analysis_BGI/02_trim_cutadapt/V300063539_L01_515/V300063539_L01_515_2_trim.fq.gz	Langfjordvatn
L7_502	https://sid.erda.dk/share_redirect/P668viwaMO/Whitefish_analysis_BGI/02_trim_cutadapt/V300063539_L01_502/V300063539_L01_502_1_trim.fq.gz	https://sid.erda.dk/share_redirect/P668viwaMO/Whitefish_analysis_BGI/02_trim_cutadapt/V300063539_L01_502/V300063539_L01_502_2_trim.fq.gz	Langfjordvatn
L73_516	https://sid.erda.dk/share_redirect/P668viwaMO/Whitefish_analysis_BGI/02_trim_cutadapt/V300063539_L02_516/V300063539_L02_516_1_trim.fq.gz	https://sid.erda.dk/share_redirect/P668viwaMO/Whitefish_analysis_BGI/02_trim_cutadapt/V300063539_L02_516/V300063539_L02_516_2_trim.fq.gz	Langfjordvatn
L74_517	https://sid.erda.dk/share_redirect/P668viwaMO/Whitefish_analysis_BGI/02_trim_cutadapt/V300063539_L02_517/V300063539_L02_517_1_trim.fq.gz	https://sid.erda.dk/share_redirect/P668viwaMO/Whitefish_analysis_BGI/02_trim_cutadapt/V300063539_L02_517/V300063539_L02_517_2_trim.fq.gz	Langfjordvatn
L75_518	https://sid.erda.dk/share_redirect/P668viwaMO/Whitefish_analysis_BGI/02_trim_cutadapt/V300063539_L02_518/V300063539_L02_518_1_trim.fq.gz	https://sid.erda.dk/share_redirect/P668viwaMO/Whitefish_analysis_BGI/02_trim_cutadapt/V300063539_L02_518/V300063539_L02_518_2_trim.fq.gz	Langfjordvatn
L77_519	https://sid.erda.dk/share_redirect/P668viwaMO/Whitefish_analysis_BGI/02_trim_cutadapt/V300063539_L02_519/V300063539_L02_519_1_trim.fq.gz	https://sid.erda.dk/share_redirect/P668viwaMO/Whitefish_analysis_BGI/02_trim_cutadapt/V300063539_L02_519/V300063539_L02_519_2_trim.fq.gz	Langfjordvatn
L79_520	https://sid.erda.dk/share_redirect/P668viwaMO/Whitefish_analysis_BGI/02_trim_cutadapt/V300063539_L02_520/V300063539_L02_520_1_trim.fq.gz	https://sid.erda.dk/share_redirect/P668viwaMO/Whitefish_analysis_BGI/02_trim_cutadapt/V300063539_L02_520/V300063539_L02_520_2_trim.fq.gz	Langfjordvatn
L83_508	https://sid.erda.dk/share_redirect/P668viwaMO/Whitefish_analysis_BGI/02_trim_cutadapt/V300063539_L01_508/V300063539_L01_508_1_trim.fq.gz	https://sid.erda.dk/share_redirect/P668viwaMO/Whitefish_analysis_BGI/02_trim_cutadapt/V300063539_L01_508/V300063539_L01_508_2_trim.fq.gz	Langfjordvatn
L84_509	https://sid.erda.dk/share_redirect/P668viwaMO/Whitefish_analysis_BGI/02_trim_cutadapt/V300063539_L01_509/V300063539_L01_509_1_trim.fq.gz	https://sid.erda.dk/share_redirect/P668viwaMO/Whitefish_analysis_BGI/02_trim_cutadapt/V300063539_L01_509/V300063539_L01_509_2_trim.fq.gz	Langfjordvatn
L86_510	https://sid.erda.dk/share_redirect/P668viwaMO/Whitefish_analysis_BGI/02_trim_cutadapt/V300063539_L01_510/V300063539_L01_510_1_trim.fq.gz	https://sid.erda.dk/share_redirect/P668viwaMO/Whitefish_analysis_BGI/02_trim_cutadapt/V300063539_L01_510/V300063539_L01_510_2_trim.fq.gz	Langfjordvatn
L9_503	https://sid.erda.dk/share_redirect/P668viwaMO/Whitefish_analysis_BGI/02_trim_cutadapt/V300063539_L01_503/V300063539_L01_503_1_trim.fq.gz	https://sid.erda.dk/share_redirect/P668viwaMO/Whitefish_analysis_BGI/02_trim_cutadapt/V300063539_L01_503/V300063539_L01_503_2_trim.fq.gz	Langfjordvatn
LF_14	https://sid.erda.dk/share_redirect/P668viwaMO/metagenomic-12GB-H204SC22104646-NVUK2022102539-DK-UCPH-76-shotgun/X204SC22104646-Z01-F001_03/01.RawData/LF_14/LF_14_EKDN220043742-1A_HLY7KDSX5_L4_1.fq.gz	https://sid.erda.dk/share_redirect/P668viwaMO/metagenomic-12GB-H204SC22104646-NVUK2022102539-DK-UCPH-76-shotgun/X204SC22104646-Z01-F001_03/01.RawData/LF_14/LF_14_EKDN220043742-1A_HLY7KDSX5_L4_2.fq.gz	Langfjordvatn
LF_17	https://sid.erda.dk/share_redirect/P668viwaMO/metagenomic-12GB-H204SC22104646-NVUK2022102539-DK-UCPH-76-shotgun/X204SC22104646-Z01-F001_03/01.RawData/LF_17/LF_17_EKDN220043743-1A_HLY7KDSX5_L4_1.fq.gz	https://sid.erda.dk/share_redirect/P668viwaMO/metagenomic-12GB-H204SC22104646-NVUK2022102539-DK-UCPH-76-shotgun/X204SC22104646-Z01-F001_03/01.RawData/LF_17/LF_17_EKDN220043743-1A_HLY7KDSX5_L4_2.fq.gz	Langfjordvatn
LF_21	https://sid.erda.dk/share_redirect/P668viwaMO/metagenomic-12GB-H204SC22104646-NVUK2022102539-DK-UCPH-76-shotgun/X204SC22104646-Z01-F001_03/01.RawData/LF_21/LF_21_EKDN220043744-1A_HLY7KDSX5_L4_1.fq.gz	https://sid.erda.dk/share_redirect/P668viwaMO/metagenomic-12GB-H204SC22104646-NVUK2022102539-DK-UCPH-76-shotgun/X204SC22104646-Z01-F001_03/01.RawData/LF_21/LF_21_EKDN220043744-1A_HLY7KDSX5_L4_2.fq.gz	Langfjordvatn
LF_57	https://sid.erda.dk/share_redirect/P668viwaMO/metagenomic-12GB-H204SC22104646-NVUK2022102539-DK-UCPH-76-shotgun/X204SC22104646-Z01-F001_03/01.RawData/LF_57/LF_57_EKDN220043739-1A_HKK5MDSX5_L4_1.fq.gz	https://sid.erda.dk/share_redirect/P668viwaMO/metagenomic-12GB-H204SC22104646-NVUK2022102539-DK-UCPH-76-shotgun/X204SC22104646-Z01-F001_03/01.RawData/LF_57/LF_57_EKDN220043739-1A_HKK5MDSX5_L4_2.fq.gz	Langfjordvatn
LF_77	https://sid.erda.dk/share_redirect/P668viwaMO/metagenomic-12GB-H204SC22104646-NVUK2022102539-DK-UCPH-76-shotgun/X204SC22104646-Z01-F001_03/01.RawData/LF_77/LF_77_EKDN220043740-1A_HKK5MDSX5_L4_1.fq.gz	https://sid.erda.dk/share_redirect/P668viwaMO/metagenomic-12GB-H204SC22104646-NVUK2022102539-DK-UCPH-76-shotgun/X204SC22104646-Z01-F001_03/01.RawData/LF_77/LF_77_EKDN220043740-1A_HKK5MDSX5_L4_2.fq.gz	Langfjordvatn
LF_79	https://sid.erda.dk/share_redirect/P668viwaMO/metagenomic-12GB-H204SC22104646-NVUK2022102539-DK-UCPH-76-shotgun/X204SC22104646-Z01-F001_03/01.RawData/LF_79/LF_79_EKDN220043741-1A_HLY7KDSX5_L4_1.fq.gz	https://sid.erda.dk/share_redirect/P668viwaMO/metagenomic-12GB-H204SC22104646-NVUK2022102539-DK-UCPH-76-shotgun/X204SC22104646-Z01-F001_03/01.RawData/LF_79/LF_79_EKDN220043741-1A_HLY7KDSX5_L4_2.fq.gz	Langfjordvatn
SB11_3	https://sid.erda.dk/share_redirect/P668viwaMO/metagenomic-12GB-H204SC22104646-NVUK2022102539-DK-UCPH-76-shotgun/X204SC22104646-Z01-F001_04/01.RawData/SB11_3/SB11_3_EKDN220043698-1A_HLY7KDSX5_L4_1.fq.gz	https://sid.erda.dk/share_redirect/P668viwaMO/metagenomic-12GB-H204SC22104646-NVUK2022102539-DK-UCPH-76-shotgun/X204SC22104646-Z01-F001_04/01.RawData/SB11_3/SB11_3_EKDN220043698-1A_HLY7KDSX5_L4_2.fq.gz	Skrukkebukta
SB12_4	https://sid.erda.dk/share_redirect/P668viwaMO/metagenomic-12GB-H204SC22104646-NVUK2022102539-DK-UCPH-76-shotgun/X204SC22104646-Z01-F001_04/01.RawData/SB12_4/SB12_4_EKDN220043699-1A_HKL2VDSX5_L1_1.fq.gz	https://sid.erda.dk/share_redirect/P668viwaMO/metagenomic-12GB-H204SC22104646-NVUK2022102539-DK-UCPH-76-shotgun/X204SC22104646-Z01-F001_04/01.RawData/SB12_4/SB12_4_EKDN220043699-1A_HKL2VDSX5_L1_2.fq.gz	Skrukkebukta
SB13_5_1	https://sid.erda.dk/share_redirect/P668viwaMO/metagenomic-12GB-H204SC22104646-NVUK2022102539-DK-UCPH-76-shotgun/X204SC22104646-Z01-F001_04/01.RawData/SB13_5/SB13_5_EKDN220043700-1A_HKL2VDSX5_L1_1.fq.gz	https://sid.erda.dk/share_redirect/P668viwaMO/metagenomic-12GB-H204SC22104646-NVUK2022102539-DK-UCPH-76-shotgun/X204SC22104646-Z01-F001_04/01.RawData/SB13_5/SB13_5_EKDN220043700-1A_HKL2VDSX5_L1_2.fq.gz	Skrukkebukta
SB13_5_2	https://sid.erda.dk/share_redirect/P668viwaMO/metagenomic-12GB-H204SC22104646-NVUK2022102539-DK-UCPH-76-shotgun/X204SC22104646-Z01-F001_04/01.RawData/SB13_5/SB13_5_EKDN220043700-1A_HKF3KDSX5_L1_1.fq.gz	https://sid.erda.dk/share_redirect/P668viwaMO/metagenomic-12GB-H204SC22104646-NVUK2022102539-DK-UCPH-76-shotgun/X204SC22104646-Z01-F001_04/01.RawData/SB13_5/SB13_5_EKDN220043700-1A_HKF3KDSX5_L1_2.fq.gz	Skrukkebukta
SB20_12	https://sid.erda.dk/share_redirect/P668viwaMO/metagenomic-12GB-H204SC22104646-NVUK2022102539-DK-UCPH-76-shotgun/X204SC22104646-Z01-F001_04/01.RawData/SB20_12/SB20_12_EKDN220043706-1A_HKL2VDSX5_L1_1.fq.gz	https://sid.erda.dk/share_redirect/P668viwaMO/metagenomic-12GB-H204SC22104646-NVUK2022102539-DK-UCPH-76-shotgun/X204SC22104646-Z01-F001_04/01.RawData/SB20_12/SB20_12_EKDN220043706-1A_HKL2VDSX5_L1_2.fq.gz	Skrukkebukta
SB22_13	https://sid.erda.dk/share_redirect/P668viwaMO/metagenomic-12GB-H204SC22104646-NVUK2022102539-DK-UCPH-76-shotgun/X204SC22104646-Z01-F001_04/01.RawData/SB22_13/SB22_13_EKDN220043707-1A_HLY7KDSX5_L4_1.fq.gz	https://sid.erda.dk/share_redirect/P668viwaMO/metagenomic-12GB-H204SC22104646-NVUK2022102539-DK-UCPH-76-shotgun/X204SC22104646-Z01-F001_04/01.RawData/SB22_13/SB22_13_EKDN220043707-1A_HLY7KDSX5_L4_2.fq.gz	Skrukkebukta
SB23_14	https://sid.erda.dk/share_redirect/P668viwaMO/metagenomic-12GB-H204SC22104646-NVUK2022102539-DK-UCPH-76-shotgun/X204SC22104646-Z01-F001_04/01.RawData/SB23_14/SB23_14_EKDN220043708-1A_HKL2VDSX5_L1_1.fq.gz	https://sid.erda.dk/share_redirect/P668viwaMO/metagenomic-12GB-H204SC22104646-NVUK2022102539-DK-UCPH-76-shotgun/X204SC22104646-Z01-F001_04/01.RawData/SB23_14/SB23_14_EKDN220043708-1A_HKL2VDSX5_L1_2.fq.gz	Skrukkebukta
SB24_15	https://sid.erda.dk/share_redirect/P668viwaMO/metagenomic-12GB-H204SC22104646-NVUK2022102539-DK-UCPH-76-shotgun/X204SC22104646-Z01-F001_04/01.RawData/SB24_15/SB24_15_EKDN220043709-1A_HKL2VDSX5_L1_1.fq.gz	https://sid.erda.dk/share_redirect/P668viwaMO/metagenomic-12GB-H204SC22104646-NVUK2022102539-DK-UCPH-76-shotgun/X204SC22104646-Z01-F001_04/01.RawData/SB24_15/SB24_15_EKDN220043709-1A_HKL2VDSX5_L1_2.fq.gz	Skrukkebukta
SB26_16	https://sid.erda.dk/share_redirect/P668viwaMO/metagenomic-12GB-H204SC22104646-NVUK2022102539-DK-UCPH-76-shotgun/X204SC22104646-Z01-F001_04/01.RawData/SB26_16/SB26_16_EKDN220043710-1A_HKK5MDSX5_L4_1.fq.gz	https://sid.erda.dk/share_redirect/P668viwaMO/metagenomic-12GB-H204SC22104646-NVUK2022102539-DK-UCPH-76-shotgun/X204SC22104646-Z01-F001_04/01.RawData/SB26_16/SB26_16_EKDN220043710-1A_HKK5MDSX5_L4_2.fq.gz	Skrukkebukta
SB27_17	https://sid.erda.dk/share_redirect/P668viwaMO/metagenomic-12GB-H204SC22104646-NVUK2022102539-DK-UCPH-76-shotgun/X204SC22104646-Z01-F001_04/01.RawData/SB27_17/SB27_17_EKDN220043711-1A_HKK5MDSX5_L4_1.fq.gz	https://sid.erda.dk/share_redirect/P668viwaMO/metagenomic-12GB-H204SC22104646-NVUK2022102539-DK-UCPH-76-shotgun/X204SC22104646-Z01-F001_04/01.RawData/SB27_17/SB27_17_EKDN220043711-1A_HKK5MDSX5_L4_2.fq.gz	Skrukkebukta
SB29_18	https://sid.erda.dk/share_redirect/P668viwaMO/metagenomic-12GB-H204SC22104646-NVUK2022102539-DK-UCPH-76-shotgun/X204SC22104646-Z01-F001_04/01.RawData/SB29_18/SB29_18_EKDN220043712-1A_HKK5MDSX5_L4_1.fq.gz	https://sid.erda.dk/share_redirect/P668viwaMO/metagenomic-12GB-H204SC22104646-NVUK2022102539-DK-UCPH-76-shotgun/X204SC22104646-Z01-F001_04/01.RawData/SB29_18/SB29_18_EKDN220043712-1A_HKK5MDSX5_L4_2.fq.gz	Skrukkebukta
SB30_19	https://sid.erda.dk/share_redirect/P668viwaMO/metagenomic-12GB-H204SC22104646-NVUK2022102539-DK-UCPH-76-shotgun/X204SC22104646-Z01-F001_04/01.RawData/SB30_19/SB30_19_EKDN220043713-1A_HKK5MDSX5_L4_1.fq.gz	https://sid.erda.dk/share_redirect/P668viwaMO/metagenomic-12GB-H204SC22104646-NVUK2022102539-DK-UCPH-76-shotgun/X204SC22104646-Z01-F001_04/01.RawData/SB30_19/SB30_19_EKDN220043713-1A_HKK5MDSX5_L4_2.fq.gz	Skrukkebukta
SB31_20_1	https://sid.erda.dk/share_redirect/P668viwaMO/metagenomic-12GB-H204SC22104646-NVUK2022102539-DK-UCPH-76-shotgun/X204SC22104646-Z01-F001_04/01.RawData/SB31_20/SB31_20_EKDN220043714-1A_HKK5MDSX5_L4_1.fq.gz	https://sid.erda.dk/share_redirect/P668viwaMO/metagenomic-12GB-H204SC22104646-NVUK2022102539-DK-UCPH-76-shotgun/X204SC22104646-Z01-F001_04/01.RawData/SB31_20/SB31_20_EKDN220043714-1A_HKK5MDSX5_L4_2.fq.gz	Skrukkebukta
SB31_20_2	https://sid.erda.dk/share_redirect/P668viwaMO/metagenomic-12GB-H204SC22104646-NVUK2022102539-DK-UCPH-76-shotgun/X204SC22104646-Z01-F001_04/01.RawData/SB31_20/SB31_20_EKDN220043714-1A_HLY2LDSX5_L4_1.fq.gz	https://sid.erda.dk/share_redirect/P668viwaMO/metagenomic-12GB-H204SC22104646-NVUK2022102539-DK-UCPH-76-shotgun/X204SC22104646-Z01-F001_04/01.RawData/SB31_20/SB31_20_EKDN220043714-1A_HLY2LDSX5_L4_2.fq.gz	Skrukkebukta
SB39_22	https://sid.erda.dk/share_redirect/P668viwaMO/metagenomic-12GB-H204SC22104646-NVUK2022102539-DK-UCPH-76-shotgun/X204SC22104646-Z01-F001_04/01.RawData/SB39_22/SB39_22_EKDN220043716-1A_HKK5MDSX5_L4_1.fq.gz	https://sid.erda.dk/share_redirect/P668viwaMO/metagenomic-12GB-H204SC22104646-NVUK2022102539-DK-UCPH-76-shotgun/X204SC22104646-Z01-F001_04/01.RawData/SB39_22/SB39_22_EKDN220043716-1A_HKK5MDSX5_L4_2.fq.gz	Skrukkebukta
SB41_6_1	https://sid.erda.dk/share_redirect/P668viwaMO/metagenomic-12GB-H204SC22104646-NVUK2022102539-DK-UCPH-76-shotgun/X204SC22104646-Z01-F001_04/01.RawData/SB41_6/SB41_6_EKDN220043701-1A_HKL2VDSX5_L1_1.fq.gz	https://sid.erda.dk/share_redirect/P668viwaMO/metagenomic-12GB-H204SC22104646-NVUK2022102539-DK-UCPH-76-shotgun/X204SC22104646-Z01-F001_04/01.RawData/SB41_6/SB41_6_EKDN220043701-1A_HKL2VDSX5_L1_2.fq.gz	Skrukkebukta
SB41_6_2	https://sid.erda.dk/share_redirect/P668viwaMO/metagenomic-12GB-H204SC22104646-NVUK2022102539-DK-UCPH-76-shotgun/X204SC22104646-Z01-F001_04/01.RawData/SB41_6/SB41_6_EKDN220043701-1A_HKJVCDSX5_L4_1.fq.gz	https://sid.erda.dk/share_redirect/P668viwaMO/metagenomic-12GB-H204SC22104646-NVUK2022102539-DK-UCPH-76-shotgun/X204SC22104646-Z01-F001_04/01.RawData/SB41_6/SB41_6_EKDN220043701-1A_HKJVCDSX5_L4_2.fq.gz	Skrukkebukta
SB47_7	https://sid.erda.dk/share_redirect/P668viwaMO/metagenomic-12GB-H204SC22104646-NVUK2022102539-DK-UCPH-76-shotgun/X204SC22104646-Z01-F001_04/01.RawData/SB47_7/SB47_7_EKDN220043702-1A_HKL2VDSX5_L1_1.fq.gz	https://sid.erda.dk/share_redirect/P668viwaMO/metagenomic-12GB-H204SC22104646-NVUK2022102539-DK-UCPH-76-shotgun/X204SC22104646-Z01-F001_04/01.RawData/SB47_7/SB47_7_EKDN220043702-1A_HKL2VDSX5_L1_2.fq.gz	Skrukkebukta
SB48_8	https://sid.erda.dk/share_redirect/P668viwaMO/metagenomic-12GB-H204SC22104646-NVUK2022102539-DK-UCPH-76-shotgun/X204SC22104646-Z01-F001_04/01.RawData/SB48_8/SB48_8_EKDN220043703-1A_HLY7KDSX5_L4_1.fq.gz	https://sid.erda.dk/share_redirect/P668viwaMO/metagenomic-12GB-H204SC22104646-NVUK2022102539-DK-UCPH-76-shotgun/X204SC22104646-Z01-F001_04/01.RawData/SB48_8/SB48_8_EKDN220043703-1A_HLY7KDSX5_L4_2.fq.gz	Skrukkebukta
SB5_1	https://sid.erda.dk/share_redirect/P668viwaMO/metagenomic-12GB-H204SC22104646-NVUK2022102539-DK-UCPH-76-shotgun/X204SC22104646-Z01-F001_02/01.RawData/SB5_1/SB5_1_EKDN220043696-1A_HLY7KDSX5_L4_1.fq.gz	https://sid.erda.dk/share_redirect/P668viwaMO/metagenomic-12GB-H204SC22104646-NVUK2022102539-DK-UCPH-76-shotgun/X204SC22104646-Z01-F001_02/01.RawData/SB5_1/SB5_1_EKDN220043696-1A_HLY7KDSX5_L4_2.fq.gz	Skrukkebukta
SB51_23	https://sid.erda.dk/share_redirect/P668viwaMO/metagenomic-12GB-H204SC22104646-NVUK2022102539-DK-UCPH-76-shotgun/X204SC22104646-Z01-F001_04/01.RawData/SB51_23/SB51_23_EKDN220043717-1A_HKK5MDSX5_L4_1.fq.gz	https://sid.erda.dk/share_redirect/P668viwaMO/metagenomic-12GB-H204SC22104646-NVUK2022102539-DK-UCPH-76-shotgun/X204SC22104646-Z01-F001_04/01.RawData/SB51_23/SB51_23_EKDN220043717-1A_HKK5MDSX5_L4_2.fq.gz	Skrukkebukta
SB52_24	https://sid.erda.dk/share_redirect/P668viwaMO/metagenomic-12GB-H204SC22104646-NVUK2022102539-DK-UCPH-76-shotgun/X204SC22104646-Z01-F001_02/01.RawData/SB52_24/SB52_24_EKDN220043718-1A_HKK5MDSX5_L4_1.fq.gz	https://sid.erda.dk/share_redirect/P668viwaMO/metagenomic-12GB-H204SC22104646-NVUK2022102539-DK-UCPH-76-shotgun/X204SC22104646-Z01-F001_02/01.RawData/SB52_24/SB52_24_EKDN220043718-1A_HKK5MDSX5_L4_2.fq.gz	Skrukkebukta
SB53_25	https://sid.erda.dk/share_redirect/P668viwaMO/metagenomic-12GB-H204SC22104646-NVUK2022102539-DK-UCPH-76-shotgun/X204SC22104646-Z01-F001_02/01.RawData/SB53_25/SB53_25_EKDN220043719-1A_HLY7KDSX5_L4_1.fq.gz	https://sid.erda.dk/share_redirect/P668viwaMO/metagenomic-12GB-H204SC22104646-NVUK2022102539-DK-UCPH-76-shotgun/X204SC22104646-Z01-F001_02/01.RawData/SB53_25/SB53_25_EKDN220043719-1A_HLY7KDSX5_L4_2.fq.gz	Skrukkebukta
SB54_26	https://sid.erda.dk/share_redirect/P668viwaMO/metagenomic-12GB-H204SC22104646-NVUK2022102539-DK-UCPH-76-shotgun/X204SC22104646-Z01-F001_02/01.RawData/SB54_26/SB54_26_EKDN220043720-1A_HKK5MDSX5_L4_1.fq.gz	https://sid.erda.dk/share_redirect/P668viwaMO/metagenomic-12GB-H204SC22104646-NVUK2022102539-DK-UCPH-76-shotgun/X204SC22104646-Z01-F001_02/01.RawData/SB54_26/SB54_26_EKDN220043720-1A_HKK5MDSX5_L4_2.fq.gz	Skrukkebukta
SB55_27	https://sid.erda.dk/share_redirect/P668viwaMO/metagenomic-12GB-H204SC22104646-NVUK2022102539-DK-UCPH-76-shotgun/X204SC22104646-Z01-F001_02/01.RawData/SB55_27/SB55_27_EKDN220043721-1A_HLY7KDSX5_L4_1.fq.gz	https://sid.erda.dk/share_redirect/P668viwaMO/metagenomic-12GB-H204SC22104646-NVUK2022102539-DK-UCPH-76-shotgun/X204SC22104646-Z01-F001_02/01.RawData/SB55_27/SB55_27_EKDN220043721-1A_HLY7KDSX5_L4_2.fq.gz	Skrukkebukta
SB56_28	https://sid.erda.dk/share_redirect/P668viwaMO/metagenomic-12GB-H204SC22104646-NVUK2022102539-DK-UCPH-76-shotgun/X204SC22104646-Z01-F001_02/01.RawData/SB56_28/SB56_28_EKDN220043722-1A_HLY7KDSX5_L4_1.fq.gz	https://sid.erda.dk/share_redirect/P668viwaMO/metagenomic-12GB-H204SC22104646-NVUK2022102539-DK-UCPH-76-shotgun/X204SC22104646-Z01-F001_02/01.RawData/SB56_28/SB56_28_EKDN220043722-1A_HLY7KDSX5_L4_2.fq.gz	Skrukkebukta
SB57_29	https://sid.erda.dk/share_redirect/P668viwaMO/metagenomic-12GB-H204SC22104646-NVUK2022102539-DK-UCPH-76-shotgun/X204SC22104646-Z01-F001_02/01.RawData/SB57_29/SB57_29_EKDN220043723-1A_HKK5MDSX5_L4_1.fq.gz	https://sid.erda.dk/share_redirect/P668viwaMO/metagenomic-12GB-H204SC22104646-NVUK2022102539-DK-UCPH-76-shotgun/X204SC22104646-Z01-F001_02/01.RawData/SB57_29/SB57_29_EKDN220043723-1A_HKK5MDSX5_L4_2.fq.gz	Skrukkebukta
SB58_30	https://sid.erda.dk/share_redirect/P668viwaMO/metagenomic-12GB-H204SC22104646-NVUK2022102539-DK-UCPH-76-shotgun/X204SC22104646-Z01-F001_02/01.RawData/SB58_30/SB58_30_EKDN220043724-1A_HKK5MDSX5_L4_1.fq.gz	https://sid.erda.dk/share_redirect/P668viwaMO/metagenomic-12GB-H204SC22104646-NVUK2022102539-DK-UCPH-76-shotgun/X204SC22104646-Z01-F001_02/01.RawData/SB58_30/SB58_30_EKDN220043724-1A_HKK5MDSX5_L4_2.fq.gz	Skrukkebukta
SB72_21	https://sid.erda.dk/share_redirect/P668viwaMO/metagenomic-12GB-H204SC22104646-NVUK2022102539-DK-UCPH-76-shotgun/X204SC22104646-Z01-F001_02/01.RawData/SB72_21/SB72_21_EKDN220043715-1A_HLY7KDSX5_L4_1.fq.gz	https://sid.erda.dk/share_redirect/P668viwaMO/metagenomic-12GB-H204SC22104646-NVUK2022102539-DK-UCPH-76-shotgun/X204SC22104646-Z01-F001_02/01.RawData/SB72_21/SB72_21_EKDN220043715-1A_HLY7KDSX5_L4_2.fq.gz	Skrukkebukta
SB77_10	https://sid.erda.dk/share_redirect/P668viwaMO/metagenomic-12GB-H204SC22104646-NVUK2022102539-DK-UCPH-76-shotgun/X204SC22104646-Z01-F001_02/01.RawData/SB77_10/SB77_10_EKDN220043704-1A_HKL2VDSX5_L1_1.fq.gz	https://sid.erda.dk/share_redirect/P668viwaMO/metagenomic-12GB-H204SC22104646-NVUK2022102539-DK-UCPH-76-shotgun/X204SC22104646-Z01-F001_02/01.RawData/SB77_10/SB77_10_EKDN220043704-1A_HKL2VDSX5_L1_2.fq.gz	Skrukkebukta
SB81_31	https://sid.erda.dk/share_redirect/P668viwaMO/metagenomic-12GB-H204SC22104646-NVUK2022102539-DK-UCPH-76-shotgun/X204SC22104646-Z01-F001_02/01.RawData/SB81_31/SB81_31_EKDN220043725-1A_HKK5MDSX5_L4_1.fq.gz	https://sid.erda.dk/share_redirect/P668viwaMO/metagenomic-12GB-H204SC22104646-NVUK2022102539-DK-UCPH-76-shotgun/X204SC22104646-Z01-F001_02/01.RawData/SB81_31/SB81_31_EKDN220043725-1A_HKK5MDSX5_L4_2.fq.gz	Skrukkebukta
SB84_11	https://sid.erda.dk/share_redirect/P668viwaMO/metagenomic-12GB-H204SC22104646-NVUK2022102539-DK-UCPH-76-shotgun/X204SC22104646-Z01-F001_02/01.RawData/SB84_11/SB84_11_EKDN220043705-1A_HKL2VDSX5_L1_1.fq.gz	https://sid.erda.dk/share_redirect/P668viwaMO/metagenomic-12GB-H204SC22104646-NVUK2022102539-DK-UCPH-76-shotgun/X204SC22104646-Z01-F001_02/01.RawData/SB84_11/SB84_11_EKDN220043705-1A_HKL2VDSX5_L1_2.fq.gz	Skrukkebukta
SB9_2	https://sid.erda.dk/share_redirect/P668viwaMO/metagenomic-12GB-H204SC22104646-NVUK2022102539-DK-UCPH-76-shotgun/X204SC22104646-Z01-F001_02/01.RawData/SB9_2/SB9_2_EKDN220043697-1A_HLY7KDSX5_L4_1.fq.gz	https://sid.erda.dk/share_redirect/P668viwaMO/metagenomic-12GB-H204SC22104646-NVUK2022102539-DK-UCPH-76-shotgun/X204SC22104646-Z01-F001_02/01.RawData/SB9_2/SB9_2_EKDN220043697-1A_HLY7KDSX5_L4_2.fq.gz	Skrukkebukta
ST10_1	https://sid.erda.dk/share_redirect/P668viwaMO/NVUK2023111399-DK-UCPH-Gilbert-32-microbial-shotgun/rawdata/ST10_1/ST10_1_EKDN230049349-1A_22GHCCLT3_L3_1.fq.gz	https://sid.erda.dk/share_redirect/P668viwaMO/NVUK2023111399-DK-UCPH-Gilbert-32-microbial-shotgun/rawdata/ST10_1/ST10_1_EKDN230049349-1A_22GHCCLT3_L3_2.fq.gz	Stuorajavri
ST12_2	https://sid.erda.dk/share_redirect/P668viwaMO/NVUK2023111399-DK-UCPH-Gilbert-32-microbial-shotgun/rawdata/ST12_2/ST12_2_EKDN230049350-1A_22GHCCLT3_L3_1.fq.gz	https://sid.erda.dk/share_redirect/P668viwaMO/NVUK2023111399-DK-UCPH-Gilbert-32-microbial-shotgun/rawdata/ST12_2/ST12_2_EKDN230049350-1A_22GHCCLT3_L3_2.fq.gz	Stuorajavri
ST13_3	https://sid.erda.dk/share_redirect/P668viwaMO/NVUK2023111399-DK-UCPH-Gilbert-32-microbial-shotgun/rawdata/ST13_3/ST13_3_EKDN230049351-1A_22GHCCLT3_1.fq.gz	https://sid.erda.dk/share_redirect/P668viwaMO/NVUK2023111399-DK-UCPH-Gilbert-32-microbial-shotgun/rawdata/ST13_3/ST13_3_EKDN230049351-1A_22GHCCLT3_2.fq.gz	Stuorajavri
ST14_4	https://sid.erda.dk/share_redirect/P668viwaMO/NVUK2023111399-DK-UCPH-Gilbert-32-microbial-shotgun/rawdata/ST14_4/ST14_4_EKDN230049352-1A_22GHCCLT3_1.fq.gz	https://sid.erda.dk/share_redirect/P668viwaMO/NVUK2023111399-DK-UCPH-Gilbert-32-microbial-shotgun/rawdata/ST14_4/ST14_4_EKDN230049352-1A_22GHCCLT3_2.fq.gz	Stuorajavri
ST16_5	https://sid.erda.dk/share_redirect/P668viwaMO/NVUK2023111399-DK-UCPH-Gilbert-32-microbial-shotgun/rawdata/ST16_5/ST16_5_EKDN230049353-1A_22GHCCLT3_L3_1.fq.gz	https://sid.erda.dk/share_redirect/P668viwaMO/NVUK2023111399-DK-UCPH-Gilbert-32-microbial-shotgun/rawdata/ST16_5/ST16_5_EKDN230049353-1A_22GHCCLT3_L3_2.fq.gz	Stuorajavri
ST17_6	https://sid.erda.dk/share_redirect/P668viwaMO/NVUK2023111399-DK-UCPH-Gilbert-32-microbial-shotgun/rawdata/ST17_6/ST17_6_EKDN230049354-1A_22GHCCLT3_L3_1.fq.gz	https://sid.erda.dk/share_redirect/P668viwaMO/NVUK2023111399-DK-UCPH-Gilbert-32-microbial-shotgun/rawdata/ST17_6/ST17_6_EKDN230049354-1A_22GHCCLT3_L3_2.fq.gz	Stuorajavri
ST25_11	https://sid.erda.dk/share_redirect/P668viwaMO/NVUK2023111399-DK-UCPH-Gilbert-32-microbial-shotgun/rawdata/ST25_11/ST25_11_EKDN230049359-1A_22GHCCLT3_L6_1.fq.gz	https://sid.erda.dk/share_redirect/P668viwaMO/NVUK2023111399-DK-UCPH-Gilbert-32-microbial-shotgun/rawdata/ST25_11/ST25_11_EKDN230049359-1A_22GHCCLT3_L6_2.fq.gz	Stuorajavri
ST28_12	https://sid.erda.dk/share_redirect/P668viwaMO/NVUK2023111399-DK-UCPH-Gilbert-32-microbial-shotgun/rawdata/ST28_12/ST28_12_EKDN230049360-1A_22GHCCLT3_L6_1.fq.gz	https://sid.erda.dk/share_redirect/P668viwaMO/NVUK2023111399-DK-UCPH-Gilbert-32-microbial-shotgun/rawdata/ST28_12/ST28_12_EKDN230049360-1A_22GHCCLT3_L6_2.fq.gz	Stuorajavri
ST30_13	https://sid.erda.dk/share_redirect/P668viwaMO/NVUK2023111399-DK-UCPH-Gilbert-32-microbial-shotgun/rawdata/ST30_13/ST30_13_EKDN230049361-1A_1.fq.gz	https://sid.erda.dk/share_redirect/P668viwaMO/NVUK2023111399-DK-UCPH-Gilbert-32-microbial-shotgun/rawdata/ST30_13/ST30_13_EKDN230049361-1A_2.fq.gz	Stuorajavri
ST31_14	https://sid.erda.dk/share_redirect/P668viwaMO/NVUK2023111399-DK-UCPH-Gilbert-32-microbial-shotgun/rawdata/ST31_14/ST31_14_EKDN230049362-1A_22GHCCLT3_1.fq.gz	https://sid.erda.dk/share_redirect/P668viwaMO/NVUK2023111399-DK-UCPH-Gilbert-32-microbial-shotgun/rawdata/ST31_14/ST31_14_EKDN230049362-1A_22GHCCLT3_2.fq.gz	Stuorajavri
ST33_15	https://sid.erda.dk/share_redirect/P668viwaMO/NVUK2023111399-DK-UCPH-Gilbert-32-microbial-shotgun/rawdata/ST33_15/ST33_15_EKDN230049363-1A_22GHCCLT3_L7_1.fq.gz	https://sid.erda.dk/share_redirect/P668viwaMO/NVUK2023111399-DK-UCPH-Gilbert-32-microbial-shotgun/rawdata/ST33_15/ST33_15_EKDN230049363-1A_22GHCCLT3_L7_2.fq.gz	Stuorajavri
ST34_16	https://sid.erda.dk/share_redirect/P668viwaMO/NVUK2023111399-DK-UCPH-Gilbert-32-microbial-shotgun/rawdata/ST34_16/ST34_16_EKDN230049364-1A_22GHCCLT3_L7_1.fq.gz	https://sid.erda.dk/share_redirect/P668viwaMO/NVUK2023111399-DK-UCPH-Gilbert-32-microbial-shotgun/rawdata/ST34_16/ST34_16_EKDN230049364-1A_22GHCCLT3_L7_2.fq.gz	Stuorajavri
ST37_17	https://sid.erda.dk/share_redirect/P668viwaMO/NVUK2023111399-DK-UCPH-Gilbert-32-microbial-shotgun/rawdata/ST37_17/ST37_17_EKDN230049365-1A_22GVWVLT3_1.fq.gz	https://sid.erda.dk/share_redirect/P668viwaMO/NVUK2023111399-DK-UCPH-Gilbert-32-microbial-shotgun/rawdata/ST37_17/ST37_17_EKDN230049365-1A_22GVWVLT3_2.fq.gz	Stuorajavri
ST38_18	https://sid.erda.dk/share_redirect/P668viwaMO/NVUK2023111399-DK-UCPH-Gilbert-32-microbial-shotgun/rawdata/ST38_18/ST38_18_EKDN230049366-1A_22GVYCLT3_L8_1.fq.gz	https://sid.erda.dk/share_redirect/P668viwaMO/NVUK2023111399-DK-UCPH-Gilbert-32-microbial-shotgun/rawdata/ST38_18/ST38_18_EKDN230049366-1A_22GVYCLT3_L8_2.fq.gz	Stuorajavri
ST39_20	https://sid.erda.dk/share_redirect/P668viwaMO/NVUK2023111399-DK-UCPH-Gilbert-32-microbial-shotgun/rawdata/ST39_20/ST39_20_EKDN230049368-1A_22GVYCLT3_L8_1.fq.gz	https://sid.erda.dk/share_redirect/P668viwaMO/NVUK2023111399-DK-UCPH-Gilbert-32-microbial-shotgun/rawdata/ST39_20/ST39_20_EKDN230049368-1A_22GVYCLT3_L8_2.fq.gz	Stuorajavri
ST43_21	https://sid.erda.dk/share_redirect/P668viwaMO/NVUK2023111399-DK-UCPH-Gilbert-32-microbial-shotgun/rawdata/ST43_21/ST43_21_EKDN230049369-1A_22GVYCLT3_L8_1.fq.gz	https://sid.erda.dk/share_redirect/P668viwaMO/NVUK2023111399-DK-UCPH-Gilbert-32-microbial-shotgun/rawdata/ST43_21/ST43_21_EKDN230049369-1A_22GVYCLT3_L8_2.fq.gz	Stuorajavri
ST46_7	https://sid.erda.dk/share_redirect/P668viwaMO/NVUK2023111399-DK-UCPH-Gilbert-32-microbial-shotgun/rawdata/ST46_7/ST46_7_EKDN230049355-1A_22GHCCLT3_L3_1.fq.gz	https://sid.erda.dk/share_redirect/P668viwaMO/NVUK2023111399-DK-UCPH-Gilbert-32-microbial-shotgun/rawdata/ST46_7/ST46_7_EKDN230049355-1A_22GHCCLT3_L3_2.fq.gz	Stuorajavri
ST47_8	https://sid.erda.dk/share_redirect/P668viwaMO/NVUK2023111399-DK-UCPH-Gilbert-32-microbial-shotgun/rawdata/ST47_8/ST47_8_EKDN230049356-1A_22GHCCLT3_L3_1.fq.gz	https://sid.erda.dk/share_redirect/P668viwaMO/NVUK2023111399-DK-UCPH-Gilbert-32-microbial-shotgun/rawdata/ST47_8/ST47_8_EKDN230049356-1A_22GHCCLT3_L3_2.fq.gz	Stuorajavri
ST50_9	https://sid.erda.dk/share_redirect/P668viwaMO/NVUK2023111399-DK-UCPH-Gilbert-32-microbial-shotgun/rawdata/ST50_9/ST50_9_EKDN230049357-1A_22GHCCLT3_L3_1.fq.gz	https://sid.erda.dk/share_redirect/P668viwaMO/NVUK2023111399-DK-UCPH-Gilbert-32-microbial-shotgun/rawdata/ST50_9/ST50_9_EKDN230049357-1A_22GHCCLT3_L3_2.fq.gz	Stuorajavri
ST51_10	https://sid.erda.dk/share_redirect/P668viwaMO/NVUK2023111399-DK-UCPH-Gilbert-32-microbial-shotgun/rawdata/ST51_10/ST51_10_EKDN230049358-1A_22GHCCLT3_L3_1.fq.gz	https://sid.erda.dk/share_redirect/P668viwaMO/NVUK2023111399-DK-UCPH-Gilbert-32-microbial-shotgun/rawdata/ST51_10/ST51_10_EKDN230049358-1A_22GHCCLT3_L3_2.fq.gz	Stuorajavri
ST60_22	https://sid.erda.dk/share_redirect/P668viwaMO/NVUK2023111399-DK-UCPH-Gilbert-32-microbial-shotgun/rawdata/ST60_22/ST60_22_EKDN230049370-1A_22GVYCLT3_L8_1.fq.gz	https://sid.erda.dk/share_redirect/P668viwaMO/NVUK2023111399-DK-UCPH-Gilbert-32-microbial-shotgun/rawdata/ST60_22/ST60_22_EKDN230049370-1A_22GVYCLT3_L8_2.fq.gz	Stuorajavri
ST61_23	https://sid.erda.dk/share_redirect/P668viwaMO/NVUK2023111399-DK-UCPH-Gilbert-32-microbial-shotgun/rawdata/ST61_23/ST61_23_EKDN230049371-1A_22GVYCLT3_L8_1.fq.gz	https://sid.erda.dk/share_redirect/P668viwaMO/NVUK2023111399-DK-UCPH-Gilbert-32-microbial-shotgun/rawdata/ST61_23/ST61_23_EKDN230049371-1A_22GVYCLT3_L8_2.fq.gz	Stuorajavri
ST63_25	https://sid.erda.dk/share_redirect/P668viwaMO/NVUK2023111399-DK-UCPH-Gilbert-32-microbial-shotgun/rawdata/ST63_25/ST63_25_EKDN230049373-1A_22GVYCLT3_L8_1.fq.gz	https://sid.erda.dk/share_redirect/P668viwaMO/NVUK2023111399-DK-UCPH-Gilbert-32-microbial-shotgun/rawdata/ST63_25/ST63_25_EKDN230049373-1A_22GVYCLT3_L8_2.fq.gz	Stuorajavri
ST64_26	https://sid.erda.dk/share_redirect/P668viwaMO/NVUK2023111399-DK-UCPH-Gilbert-32-microbial-shotgun/rawdata/ST64_26/ST64_26_EKDN230049374-1A_22GVYCLT3_L8_1.fq.gz	https://sid.erda.dk/share_redirect/P668viwaMO/NVUK2023111399-DK-UCPH-Gilbert-32-microbial-shotgun/rawdata/ST64_26/ST64_26_EKDN230049374-1A_22GVYCLT3_L8_2.fq.gz	Stuorajavri
ST65_27	https://sid.erda.dk/share_redirect/P668viwaMO/NVUK2023111399-DK-UCPH-Gilbert-32-microbial-shotgun/rawdata/ST65_27/ST65_27_EKDN230049375-1A_22GVYCLT3_L8_1.fq.gz	https://sid.erda.dk/share_redirect/P668viwaMO/NVUK2023111399-DK-UCPH-Gilbert-32-microbial-shotgun/rawdata/ST65_27/ST65_27_EKDN230049375-1A_22GVYCLT3_L8_2.fq.gz	Stuorajavri
ST66_28	https://sid.erda.dk/share_redirect/P668viwaMO/NVUK2023111399-DK-UCPH-Gilbert-32-microbial-shotgun/rawdata/ST66_28/ST66_28_EKDN230049376-1A_22GVYCLT3_L8_1.fq.gz	https://sid.erda.dk/share_redirect/P668viwaMO/NVUK2023111399-DK-UCPH-Gilbert-32-microbial-shotgun/rawdata/ST66_28/ST66_28_EKDN230049376-1A_22GVYCLT3_L8_2.fq.gz	Stuorajavri
ST67_29	https://sid.erda.dk/share_redirect/P668viwaMO/NVUK2023111399-DK-UCPH-Gilbert-32-microbial-shotgun/rawdata/ST67_29/ST67_29_EKDN230049377-1A_22GVYCLT3_L8_1.fq.gz	https://sid.erda.dk/share_redirect/P668viwaMO/NVUK2023111399-DK-UCPH-Gilbert-32-microbial-shotgun/rawdata/ST67_29/ST67_29_EKDN230049377-1A_22GVYCLT3_L8_2.fq.gz	Stuorajavri
ST68_30	https://sid.erda.dk/share_redirect/P668viwaMO/NVUK2023111399-DK-UCPH-Gilbert-32-microbial-shotgun/rawdata/ST68_30/ST68_30_EKDN230049378-1A_22GVYCLT3_L8_1.fq.gz	https://sid.erda.dk/share_redirect/P668viwaMO/NVUK2023111399-DK-UCPH-Gilbert-32-microbial-shotgun/rawdata/ST68_30/ST68_30_EKDN230049378-1A_22GVYCLT3_L8_2.fq.gz	Stuorajavri
ST69_31	https://sid.erda.dk/share_redirect/P668viwaMO/NVUK2023111399-DK-UCPH-Gilbert-32-microbial-shotgun/rawdata/ST69_31/ST69_31_EKDN230049379-1A_22GVYCLT3_L8_1.fq.gz	https://sid.erda.dk/share_redirect/P668viwaMO/NVUK2023111399-DK-UCPH-Gilbert-32-microbial-shotgun/rawdata/ST69_31/ST69_31_EKDN230049379-1A_22GVYCLT3_L8_2.fq.gz	Stuorajavri
ST70_1	https://sid.erda.dk/share_redirect/P668viwaMO/NVUK2023111399-DK-UCPH-Gilbert-32-microbial-shotgun/rawdata/ST70_1/ST70_1_EKDN230049380-1A_22GVYCLT3_L8_1.fq.gz	https://sid.erda.dk/share_redirect/P668viwaMO/NVUK2023111399-DK-UCPH-Gilbert-32-microbial-shotgun/rawdata/ST70_1/ST70_1_EKDN230049380-1A_22GVYCLT3_L8_2.fq.gz	Stuorajavri
SU17_11	https://sid.erda.dk/share_redirect/P668viwaMO/metagenomic-12GB-H204SC22104646-NVUK2022102539-DK-UCPH-76-shotgun/X204SC22104646-Z01-F001_02/01.RawData/SU17_11/SU17_11_EKDN220043675-1A_HKL2VDSX5_L2_1.fq.gz	https://sid.erda.dk/share_redirect/P668viwaMO/metagenomic-12GB-H204SC22104646-NVUK2022102539-DK-UCPH-76-shotgun/X204SC22104646-Z01-F001_02/01.RawData/SU17_11/SU17_11_EKDN220043675-1A_HKL2VDSX5_L2_2.fq.gz	Suohpatjavri
SU18_12_1	https://sid.erda.dk/share_redirect/P668viwaMO/metagenomic-12GB-H204SC22104646-NVUK2022102539-DK-UCPH-76-shotgun/X204SC22104646-Z01-F001_02/01.RawData/SU18_12/SU18_12_EKDN220043676-1A_HKF3KDSX5_L1_1.fq.gz	https://sid.erda.dk/share_redirect/P668viwaMO/metagenomic-12GB-H204SC22104646-NVUK2022102539-DK-UCPH-76-shotgun/X204SC22104646-Z01-F001_02/01.RawData/SU18_12/SU18_12_EKDN220043676-1A_HKF3KDSX5_L1_2.fq.gz	Suohpatjavri
SU18_12_2	https://sid.erda.dk/share_redirect/P668viwaMO/metagenomic-12GB-H204SC22104646-NVUK2022102539-DK-UCPH-76-shotgun/X204SC22104646-Z01-F001_02/01.RawData/SU18_12/SU18_12_EKDN220043676-1A_HKL2VDSX5_L2_1.fq.gz	https://sid.erda.dk/share_redirect/P668viwaMO/metagenomic-12GB-H204SC22104646-NVUK2022102539-DK-UCPH-76-shotgun/X204SC22104646-Z01-F001_02/01.RawData/SU18_12/SU18_12_EKDN220043676-1A_HKL2VDSX5_L2_2.fq.gz	Suohpatjavri
SU20_13	https://sid.erda.dk/share_redirect/P668viwaMO/metagenomic-12GB-H204SC22104646-NVUK2022102539-DK-UCPH-76-shotgun/X204SC22104646-Z01-F001_05/01.RawData/SU20_13/SU20_13_EKDN220043677-1A_HLY7KDSX5_L4_1.fq.gz	https://sid.erda.dk/share_redirect/P668viwaMO/metagenomic-12GB-H204SC22104646-NVUK2022102539-DK-UCPH-76-shotgun/X204SC22104646-Z01-F001_05/01.RawData/SU20_13/SU20_13_EKDN220043677-1A_HLY7KDSX5_L4_2.fq.gz	Suohpatjavri
SU23_3	https://sid.erda.dk/share_redirect/P668viwaMO/metagenomic-12GB-H204SC22104646-NVUK2022102539-DK-UCPH-76-shotgun/X204SC22104646-Z01-F001_05/01.RawData/SU23_3/SU23_3_EKDN220043667-1A_HKFCGDSX5_L3_1.fq.gz	https://sid.erda.dk/share_redirect/P668viwaMO/metagenomic-12GB-H204SC22104646-NVUK2022102539-DK-UCPH-76-shotgun/X204SC22104646-Z01-F001_05/01.RawData/SU23_3/SU23_3_EKDN220043667-1A_HKFCGDSX5_L3_2.fq.gz	Suohpatjavri
SU26_4_1	https://sid.erda.dk/share_redirect/P668viwaMO/metagenomic-12GB-H204SC22104646-NVUK2022102539-DK-UCPH-76-shotgun/X204SC22104646-Z01-F001_05/01.RawData/SU26_4/SU26_4_EKDN220043668-1A_HKF3KDSX5_L4_1.fq.gz	https://sid.erda.dk/share_redirect/P668viwaMO/metagenomic-12GB-H204SC22104646-NVUK2022102539-DK-UCPH-76-shotgun/X204SC22104646-Z01-F001_05/01.RawData/SU26_4/SU26_4_EKDN220043668-1A_HKF3KDSX5_L4_2.fq.gz	Suohpatjavri
SU26_4_2	https://sid.erda.dk/share_redirect/P668viwaMO/metagenomic-12GB-H204SC22104646-NVUK2022102539-DK-UCPH-76-shotgun/X204SC22104646-Z01-F001_05/01.RawData/SU26_4/SU26_4_EKDN220043668-1A_HKFCGDSX5_L3_1.fq.gz	https://sid.erda.dk/share_redirect/P668viwaMO/metagenomic-12GB-H204SC22104646-NVUK2022102539-DK-UCPH-76-shotgun/X204SC22104646-Z01-F001_05/01.RawData/SU26_4/SU26_4_EKDN220043668-1A_HKFCGDSX5_L3_2.fq.gz	Suohpatjavri
SU26_4_3	https://sid.erda.dk/share_redirect/P668viwaMO/metagenomic-12GB-H204SC22104646-NVUK2022102539-DK-UCPH-76-shotgun/X204SC22104646-Z01-F001_05/01.RawData/SU26_4/SU26_4_EKDN220043668-1A_HKK7CDSX5_L4_1.fq.gz	https://sid.erda.dk/share_redirect/P668viwaMO/metagenomic-12GB-H204SC22104646-NVUK2022102539-DK-UCPH-76-shotgun/X204SC22104646-Z01-F001_05/01.RawData/SU26_4/SU26_4_EKDN220043668-1A_HKK7CDSX5_L4_2.fq.gz	Suohpatjavri
SU45_21	https://sid.erda.dk/share_redirect/P668viwaMO/metagenomic-12GB-H204SC22104646-NVUK2022102539-DK-UCPH-76-shotgun/X204SC22104646-Z01-F001_05/01.RawData/SU45_21/SU45_21_EKDN220043685-1A_HKK5MDSX5_L4_1.fq.gz	https://sid.erda.dk/share_redirect/P668viwaMO/metagenomic-12GB-H204SC22104646-NVUK2022102539-DK-UCPH-76-shotgun/X204SC22104646-Z01-F001_05/01.RawData/SU45_21/SU45_21_EKDN220043685-1A_HKK5MDSX5_L4_2.fq.gz	Suohpatjavri
SU48_22	https://sid.erda.dk/share_redirect/P668viwaMO/metagenomic-12GB-H204SC22104646-NVUK2022102539-DK-UCPH-76-shotgun/X204SC22104646-Z01-F001_05/01.RawData/SU48_22/SU48_22_EKDN220043686-1A_HKL2VDSX5_L1_1.fq.gz	https://sid.erda.dk/share_redirect/P668viwaMO/metagenomic-12GB-H204SC22104646-NVUK2022102539-DK-UCPH-76-shotgun/X204SC22104646-Z01-F001_05/01.RawData/SU48_22/SU48_22_EKDN220043686-1A_HKL2VDSX5_L1_2.fq.gz	Suohpatjavri
SU49_23	https://sid.erda.dk/share_redirect/P668viwaMO/metagenomic-12GB-H204SC22104646-NVUK2022102539-DK-UCPH-76-shotgun/X204SC22104646-Z01-F001_05/01.RawData/SU49_23/SU49_23_EKDN220043687-1A_HKL2VDSX5_L1_1.fq.gz	https://sid.erda.dk/share_redirect/P668viwaMO/metagenomic-12GB-H204SC22104646-NVUK2022102539-DK-UCPH-76-shotgun/X204SC22104646-Z01-F001_05/01.RawData/SU49_23/SU49_23_EKDN220043687-1A_HKL2VDSX5_L1_2.fq.gz	Suohpatjavri
SU51_24	https://sid.erda.dk/share_redirect/P668viwaMO/metagenomic-12GB-H204SC22104646-NVUK2022102539-DK-UCPH-76-shotgun/X204SC22104646-Z01-F001_05/01.RawData/SU51_24/SU51_24_EKDN220043688-1A_HKL2VDSX5_L1_1.fq.gz	https://sid.erda.dk/share_redirect/P668viwaMO/metagenomic-12GB-H204SC22104646-NVUK2022102539-DK-UCPH-76-shotgun/X204SC22104646-Z01-F001_05/01.RawData/SU51_24/SU51_24_EKDN220043688-1A_HKL2VDSX5_L1_2.fq.gz	Suohpatjavri
SU52_25	https://sid.erda.dk/share_redirect/P668viwaMO/metagenomic-12GB-H204SC22104646-NVUK2022102539-DK-UCPH-76-shotgun/X204SC22104646-Z01-F001_05/01.RawData/SU52_25/SU52_25_EKDN220043689-1A_HKL2VDSX5_L1_1.fq.gz	https://sid.erda.dk/share_redirect/P668viwaMO/metagenomic-12GB-H204SC22104646-NVUK2022102539-DK-UCPH-76-shotgun/X204SC22104646-Z01-F001_05/01.RawData/SU52_25/SU52_25_EKDN220043689-1A_HKL2VDSX5_L1_2.fq.gz	Suohpatjavri
SU54_26	https://sid.erda.dk/share_redirect/P668viwaMO/metagenomic-12GB-H204SC22104646-NVUK2022102539-DK-UCPH-76-shotgun/X204SC22104646-Z01-F001_05/01.RawData/SU54_26/SU54_26_EKDN220043690-1A_HKL2VDSX5_L1_1.fq.gz	https://sid.erda.dk/share_redirect/P668viwaMO/metagenomic-12GB-H204SC22104646-NVUK2022102539-DK-UCPH-76-shotgun/X204SC22104646-Z01-F001_05/01.RawData/SU54_26/SU54_26_EKDN220043690-1A_HKL2VDSX5_L1_2.fq.gz	Suohpatjavri
SU56_27	https://sid.erda.dk/share_redirect/P668viwaMO/metagenomic-12GB-H204SC22104646-NVUK2022102539-DK-UCPH-76-shotgun/X204SC22104646-Z01-F001_05/01.RawData/SU56_27/SU56_27_EKDN220043691-1A_HKL2VDSX5_L1_1.fq.gz	https://sid.erda.dk/share_redirect/P668viwaMO/metagenomic-12GB-H204SC22104646-NVUK2022102539-DK-UCPH-76-shotgun/X204SC22104646-Z01-F001_05/01.RawData/SU56_27/SU56_27_EKDN220043691-1A_HKL2VDSX5_L1_2.fq.gz	Suohpatjavri
SU6_1	https://sid.erda.dk/share_redirect/P668viwaMO/metagenomic-12GB-H204SC22104646-NVUK2022102539-DK-UCPH-76-shotgun/X204SC22104646-Z01-F001_01/01.RawData/SU6_1/SU6_1_EKDN220043665-1A_HKFCGDSX5_L3_1.fq.gz	https://sid.erda.dk/share_redirect/P668viwaMO/metagenomic-12GB-H204SC22104646-NVUK2022102539-DK-UCPH-76-shotgun/X204SC22104646-Z01-F001_01/01.RawData/SU6_1/SU6_1_EKDN220043665-1A_HKFCGDSX5_L3_2.fq.gz	Suohpatjavri
SU61_28	https://sid.erda.dk/share_redirect/P668viwaMO/metagenomic-12GB-H204SC22104646-NVUK2022102539-DK-UCPH-76-shotgun/X204SC22104646-Z01-F001_05/01.RawData/SU61_28/SU61_28_EKDN220043692-1A_HKL2VDSX5_L1_1.fq.gz	https://sid.erda.dk/share_redirect/P668viwaMO/metagenomic-12GB-H204SC22104646-NVUK2022102539-DK-UCPH-76-shotgun/X204SC22104646-Z01-F001_05/01.RawData/SU61_28/SU61_28_EKDN220043692-1A_HKL2VDSX5_L1_2.fq.gz	Suohpatjavri
SU62_29	https://sid.erda.dk/share_redirect/P668viwaMO/metagenomic-12GB-H204SC22104646-NVUK2022102539-DK-UCPH-76-shotgun/X204SC22104646-Z01-F001_05/01.RawData/SU62_29/SU62_29_EKDN220043693-1A_HKK5MDSX5_L4_1.fq.gz	https://sid.erda.dk/share_redirect/P668viwaMO/metagenomic-12GB-H204SC22104646-NVUK2022102539-DK-UCPH-76-shotgun/X204SC22104646-Z01-F001_05/01.RawData/SU62_29/SU62_29_EKDN220043693-1A_HKK5MDSX5_L4_2.fq.gz	Suohpatjavri
SU63_30	https://sid.erda.dk/share_redirect/P668viwaMO/metagenomic-12GB-H204SC22104646-NVUK2022102539-DK-UCPH-76-shotgun/X204SC22104646-Z01-F001_05/01.RawData/SU63_30/SU63_30_EKDN220043694-1A_HKL2VDSX5_L1_1.fq.gz	https://sid.erda.dk/share_redirect/P668viwaMO/metagenomic-12GB-H204SC22104646-NVUK2022102539-DK-UCPH-76-shotgun/X204SC22104646-Z01-F001_05/01.RawData/SU63_30/SU63_30_EKDN220043694-1A_HKL2VDSX5_L1_2.fq.gz	Suohpatjavri
SU64_5	https://sid.erda.dk/share_redirect/P668viwaMO/metagenomic-12GB-H204SC22104646-NVUK2022102539-DK-UCPH-76-shotgun/X204SC22104646-Z01-F001_05/01.RawData/SU64_5/SU64_5_EKDN220043669-1A_HKFCGDSX5_L3_1.fq.gz	https://sid.erda.dk/share_redirect/P668viwaMO/metagenomic-12GB-H204SC22104646-NVUK2022102539-DK-UCPH-76-shotgun/X204SC22104646-Z01-F001_05/01.RawData/SU64_5/SU64_5_EKDN220043669-1A_HKFCGDSX5_L3_2.fq.gz	Suohpatjavri
SU65_6	https://sid.erda.dk/share_redirect/P668viwaMO/metagenomic-12GB-H204SC22104646-NVUK2022102539-DK-UCPH-76-shotgun/X204SC22104646-Z01-F001_05/01.RawData/SU65_6/SU65_6_EKDN220043670-1A_HKFCGDSX5_L3_1.fq.gz	https://sid.erda.dk/share_redirect/P668viwaMO/metagenomic-12GB-H204SC22104646-NVUK2022102539-DK-UCPH-76-shotgun/X204SC22104646-Z01-F001_05/01.RawData/SU65_6/SU65_6_EKDN220043670-1A_HKFCGDSX5_L3_2.fq.gz	Suohpatjavri
SU66_7	https://sid.erda.dk/share_redirect/P668viwaMO/metagenomic-12GB-H204SC22104646-NVUK2022102539-DK-UCPH-76-shotgun/X204SC22104646-Z01-F001_05/01.RawData/SU66_7/SU66_7_EKDN220043671-1A_HKK5MDSX5_L4_1.fq.gz	https://sid.erda.dk/share_redirect/P668viwaMO/metagenomic-12GB-H204SC22104646-NVUK2022102539-DK-UCPH-76-shotgun/X204SC22104646-Z01-F001_05/01.RawData/SU66_7/SU66_7_EKDN220043671-1A_HKK5MDSX5_L4_2.fq.gz	Suohpatjavri
SU67_8	https://sid.erda.dk/share_redirect/P668viwaMO/metagenomic-12GB-H204SC22104646-NVUK2022102539-DK-UCPH-76-shotgun/X204SC22104646-Z01-F001_05/01.RawData/SU67_8/SU67_8_EKDN220043672-1A_HKK5MDSX5_L4_1.fq.gz	https://sid.erda.dk/share_redirect/P668viwaMO/metagenomic-12GB-H204SC22104646-NVUK2022102539-DK-UCPH-76-shotgun/X204SC22104646-Z01-F001_05/01.RawData/SU67_8/SU67_8_EKDN220043672-1A_HKK5MDSX5_L4_2.fq.gz	Suohpatjavri
SU68_9	https://sid.erda.dk/share_redirect/P668viwaMO/metagenomic-12GB-H204SC22104646-NVUK2022102539-DK-UCPH-76-shotgun/X204SC22104646-Z01-F001_01/01.RawData/SU68_9/SU68_9_EKDN220043673-1A_HKK5MDSX5_L4_1.fq.gz	https://sid.erda.dk/share_redirect/P668viwaMO/metagenomic-12GB-H204SC22104646-NVUK2022102539-DK-UCPH-76-shotgun/X204SC22104646-Z01-F001_01/01.RawData/SU68_9/SU68_9_EKDN220043673-1A_HKK5MDSX5_L4_2.fq.gz	Suohpatjavri
SU70_10_1	https://sid.erda.dk/share_redirect/P668viwaMO/metagenomic-12GB-H204SC22104646-NVUK2022102539-DK-UCPH-76-shotgun/X204SC22104646-Z01-F001_01/01.RawData/SU70_10/SU70_10_EKDN220043674-1A_HKK5MDSX5_L4_1.fq.gz	https://sid.erda.dk/share_redirect/P668viwaMO/metagenomic-12GB-H204SC22104646-NVUK2022102539-DK-UCPH-76-shotgun/X204SC22104646-Z01-F001_01/01.RawData/SU70_10/SU70_10_EKDN220043674-1A_HKK5MDSX5_L4_2.fq.gz	Suohpatjavri
SU70_10_2	https://sid.erda.dk/share_redirect/P668viwaMO/metagenomic-12GB-H204SC22104646-NVUK2022102539-DK-UCPH-76-shotgun/X204SC22104646-Z01-F001_01/01.RawData/SU70_10/SU70_10_EKDN220043674-1A_HLY2LDSX5_L4_1.fq.gz	https://sid.erda.dk/share_redirect/P668viwaMO/metagenomic-12GB-H204SC22104646-NVUK2022102539-DK-UCPH-76-shotgun/X204SC22104646-Z01-F001_01/01.RawData/SU70_10/SU70_10_EKDN220043674-1A_HLY2LDSX5_L4_2.fq.gz	Suohpatjavri
SU71_14_1	https://sid.erda.dk/share_redirect/P668viwaMO/metagenomic-12GB-H204SC22104646-NVUK2022102539-DK-UCPH-76-shotgun/X204SC22104646-Z01-F001_01/01.RawData/SU71_14/SU71_14_EKDN220043678-1A_HKF3KDSX5_L1_1.fq.gz	https://sid.erda.dk/share_redirect/P668viwaMO/metagenomic-12GB-H204SC22104646-NVUK2022102539-DK-UCPH-76-shotgun/X204SC22104646-Z01-F001_01/01.RawData/SU71_14/SU71_14_EKDN220043678-1A_HKF3KDSX5_L1_2.fq.gz	Suohpatjavri
SU71_14_2	https://sid.erda.dk/share_redirect/P668viwaMO/metagenomic-12GB-H204SC22104646-NVUK2022102539-DK-UCPH-76-shotgun/X204SC22104646-Z01-F001_01/01.RawData/SU71_14/SU71_14_EKDN220043678-1A_HKL2VDSX5_L2_1.fq.gz	https://sid.erda.dk/share_redirect/P668viwaMO/metagenomic-12GB-H204SC22104646-NVUK2022102539-DK-UCPH-76-shotgun/X204SC22104646-Z01-F001_01/01.RawData/SU71_14/SU71_14_EKDN220043678-1A_HKL2VDSX5_L2_2.fq.gz	Suohpatjavri
SU76_15	https://sid.erda.dk/share_redirect/P668viwaMO/metagenomic-12GB-H204SC22104646-NVUK2022102539-DK-UCPH-76-shotgun/X204SC22104646-Z01-F001_01/01.RawData/SU76_15/SU76_15_EKDN220043679-1A_HKK5MDSX5_L4_1.fq.gz	https://sid.erda.dk/share_redirect/P668viwaMO/metagenomic-12GB-H204SC22104646-NVUK2022102539-DK-UCPH-76-shotgun/X204SC22104646-Z01-F001_01/01.RawData/SU76_15/SU76_15_EKDN220043679-1A_HKK5MDSX5_L4_2.fq.gz	Suohpatjavri
SU78_16_1	https://sid.erda.dk/share_redirect/P668viwaMO/metagenomic-12GB-H204SC22104646-NVUK2022102539-DK-UCPH-76-shotgun/X204SC22104646-Z01-F001_01/01.RawData/SU78_16/SU78_16_EKDN220043680-1A_HKK5MDSX5_L4_1.fq.gz	https://sid.erda.dk/share_redirect/P668viwaMO/metagenomic-12GB-H204SC22104646-NVUK2022102539-DK-UCPH-76-shotgun/X204SC22104646-Z01-F001_01/01.RawData/SU78_16/SU78_16_EKDN220043680-1A_HKK5MDSX5_L4_2.fq.gz	Suohpatjavri
SU78_16_2	https://sid.erda.dk/share_redirect/P668viwaMO/metagenomic-12GB-H204SC22104646-NVUK2022102539-DK-UCPH-76-shotgun/X204SC22104646-Z01-F001_01/01.RawData/SU78_16/SU78_16_EKDN220043680-1A_HLY2LDSX5_L4_1.fq.gz	https://sid.erda.dk/share_redirect/P668viwaMO/metagenomic-12GB-H204SC22104646-NVUK2022102539-DK-UCPH-76-shotgun/X204SC22104646-Z01-F001_01/01.RawData/SU78_16/SU78_16_EKDN220043680-1A_HLY2LDSX5_L4_2.fq.gz	Suohpatjavri
SU8_2_1	https://sid.erda.dk/share_redirect/P668viwaMO/metagenomic-12GB-H204SC22104646-NVUK2022102539-DK-UCPH-76-shotgun/X204SC22104646-Z01-F001_01/01.RawData/SU8_2/SU8_2_EKDN220043666-1A_HKF3KDSX5_L1_1.fq.gz	https://sid.erda.dk/share_redirect/P668viwaMO/metagenomic-12GB-H204SC22104646-NVUK2022102539-DK-UCPH-76-shotgun/X204SC22104646-Z01-F001_01/01.RawData/SU8_2/SU8_2_EKDN220043666-1A_HKF3KDSX5_L1_2.fq.gz	Suohpatjavri
SU8_2_2	https://sid.erda.dk/share_redirect/P668viwaMO/metagenomic-12GB-H204SC22104646-NVUK2022102539-DK-UCPH-76-shotgun/X204SC22104646-Z01-F001_01/01.RawData/SU8_2/SU8_2_EKDN220043666-1A_HKFCGDSX5_L3_1.fq.gz	https://sid.erda.dk/share_redirect/P668viwaMO/metagenomic-12GB-H204SC22104646-NVUK2022102539-DK-UCPH-76-shotgun/X204SC22104646-Z01-F001_01/01.RawData/SU8_2/SU8_2_EKDN220043666-1A_HKFCGDSX5_L3_2.fq.gz	Suohpatjavri
SU80_18	https://sid.erda.dk/share_redirect/P668viwaMO/metagenomic-12GB-H204SC22104646-NVUK2022102539-DK-UCPH-76-shotgun/X204SC22104646-Z01-F001_01/01.RawData/SU80_18/SU80_18_EKDN220043682-1A_HLY7KDSX5_L4_1.fq.gz	https://sid.erda.dk/share_redirect/P668viwaMO/metagenomic-12GB-H204SC22104646-NVUK2022102539-DK-UCPH-76-shotgun/X204SC22104646-Z01-F001_01/01.RawData/SU80_18/SU80_18_EKDN220043682-1A_HLY7KDSX5_L4_2.fq.gz	Suohpatjavri
SU81_19	https://sid.erda.dk/share_redirect/P668viwaMO/metagenomic-12GB-H204SC22104646-NVUK2022102539-DK-UCPH-76-shotgun/X204SC22104646-Z01-F001_01/01.RawData/SU81_19/SU81_19_EKDN220043683-1A_HKK5MDSX5_L4_1.fq.gz	https://sid.erda.dk/share_redirect/P668viwaMO/metagenomic-12GB-H204SC22104646-NVUK2022102539-DK-UCPH-76-shotgun/X204SC22104646-Z01-F001_01/01.RawData/SU81_19/SU81_19_EKDN220043683-1A_HKK5MDSX5_L4_2.fq.gz	Suohpatjavri
SU83_20_1	https://sid.erda.dk/share_redirect/P668viwaMO/metagenomic-12GB-H204SC22104646-NVUK2022102539-DK-UCPH-76-shotgun/X204SC22104646-Z01-F001_01/01.RawData/SU83_20/SU83_20_EKDN220043684-1A_HKF3KDSX5_L1_1.fq.gz	https://sid.erda.dk/share_redirect/P668viwaMO/metagenomic-12GB-H204SC22104646-NVUK2022102539-DK-UCPH-76-shotgun/X204SC22104646-Z01-F001_01/01.RawData/SU83_20/SU83_20_EKDN220043684-1A_HKF3KDSX5_L1_2.fq.gz	Suohpatjavri
SU83_20_2	https://sid.erda.dk/share_redirect/P668viwaMO/metagenomic-12GB-H204SC22104646-NVUK2022102539-DK-UCPH-76-shotgun/X204SC22104646-Z01-F001_01/01.RawData/SU83_20/SU83_20_EKDN220043684-1A_HKL2VDSX5_L1_1.fq.gz	https://sid.erda.dk/share_redirect/P668viwaMO/metagenomic-12GB-H204SC22104646-NVUK2022102539-DK-UCPH-76-shotgun/X204SC22104646-Z01-F001_01/01.RawData/SU83_20/SU83_20_EKDN220043684-1A_HKL2VDSX5_L1_2.fq.gz	Suohpatjavri